Workbook

Sheet 요약
A1: 접속 현황 요약
A2: '링크 목록' 시트의 접속 결과를 바꾸면 숫자가 자동으로 바뀝니다.
A4: 접속 결과 | B4: 링크 수 | C4: 비율
A5: 차단 (확인함) | B5: =COUNTIF('링크 목록'!$G$5:$G$33,A5) -> 21 | C5: =IF($B$10=0,0,B5/$B$10) -> 0.72413793
A6: 접속 가능 (확인함) | B6: =COUNTIF('링크 목록'!$G$5:$G$33,A6) -> 1 | C6: =IF($B$10=0,0,B6/$B$10) -> 0.034482759
A7: 직접 내려받기 필요 | B7: =COUNTIF('링크 목록'!$G$5:$G$33,A7) -> 1 | C7: =IF($B$10=0,0,B7/$B$10) -> 0.034482759
A8: 미확인 | B8: =COUNTIF('링크 목록'!$G$5:$G$33,A8) -> 5 | C8: =IF($B$10=0,0,B8/$B$10) -> 0.17241379
A9: 사이트 자체 데이터 | B9: =COUNTIF('링크 목록'!$G$5:$G$33,A9) -> 1 | C9: =IF($B$10=0,0,B9/$B$10) -> 0.034482759
A10: 합계 | B10: =SUM(B5:B9) -> 29
A12: 허용 도메인에 추가할 곳
A13: 도메인 | B13: 링크 수 | C13: 차단 링크 수 | D13: 메모
A14: data.go.kr | B14: =COUNTIF('링크 목록'!$E$5:$E$33,A14) -> 18 | C14: =COUNTIFS('링크 목록'!$E$5:$E$33,A14,'링크 목록'!$G$5:$G$33,"차단 (확인함)") -> 18 | D14: 공공데이터포털. 일부 파일은 로그인 필요
A15: daegufood.go.kr | B15: =COUNTIF('링크 목록'!$E$5:$E$33,A15) -> 2 | C15: =COUNTIFS('링크 목록'!$E$5:$E$33,A15,'링크 목록'!$G$5:$G$33,"차단 (확인함)") -> 2 | D15: 대구푸드 (10미·식품안심업소)
A16: data.daegu.go.kr | B16: =COUNTIF('링크 목록'!$E$5:$E$33,A16) -> 1 | C16: =COUNTIFS('링크 목록'!$E$5:$E$33,A16,'링크 목록'!$G$5:$G$33,"차단 (확인함)") -> 1 | D16: 대구 열린데이터 (수성구 모범음식점)
A18: 진행 방법
A19: 방법 1. 허용 도메인 추가 | B19: 개인 유료 요금제: 웹 브라우저로 claude.ai → Settings → Capabilities에서 위 3개 도메인 추가. Team·Enterprise 요금제: 관리자가 조직 설정에서 추가.
A20: 방법 2. 파일 직접 첨부 | B20: CSV·XLSX 파일을 내려받아 채팅에 첨부. LOCALDATA는 자동 접속 차단이라 이 방법만 가능.
A21: 지금 가능한 작업 | B21: GitHub(southkorea-maps)에서 대구 구·군 실제 경계를 가져와 지도 약도를 실제 경계로 교체.

Sheet 링크 목록
A1: 동네가 먹여살린 가게 — 출처 링크 접속 현황
A2: 확인일 2026-10-29 · 작업 공간에서 직접 접속해 본 결과. 노란 칸(접속 결과·담당·메모)은 직접 고쳐 쓰는 칸입니다.
A4: 번호 | B4: 기준 | C4: 데이터·페이지 | D4: 연결 가게 수 | E4: 도메인 | F4: URL | G4: 접속 결과 | H4: 필요한 조치 | I4: 담당 | J4: 메모
A5: 1 | B5: 0. 대구 음식점 전체 | C5: 소상공인시장진흥공단 상가(상권)정보 (2026-06 기준) | D5: 39,867곳 (전체) | E5: data.go.kr | F5: https://www.data.go.kr/data/15083033/fileData.do | G5: 차단 (확인함) | H5: =IF(G5="차단 (확인함)","허용 도메인 추가 또는 파일 직접 첨부",IF(G5="접속 가능 (확인함)","바로 사용 가능",IF(G5="직접 내려받기 필요","직접 내려받아 첨부",IF(G5="사이트 자체 데이터","조치 불필요","필요 시 접속 확인")))) -> 허용 도메인 추가 또는 파일 직접 첨부 | J5: 일부 파일은 로그인해야 내려받기 가능
A6: 2 | B6: 0. 대구 음식점 전체 | C6: 북구 식품접객업 (보충) | E6: data.go.kr | F6: https://www.data.go.kr/data/15006336/fileData.do | G6: 차단 (확인함) | H6: =IF(G6="차단 (확인함)","허용 도메인 추가 또는 파일 직접 첨부",IF(G6="접속 가능 (확인함)","바로 사용 가능",IF(G6="직접 내려받기 필요","직접 내려받아 첨부",IF(G6="사이트 자체 데이터","조치 불필요","필요 시 접속 확인")))) -> 허용 도메인 추가 또는 파일 직접 첨부 | J6: 일부 파일은 로그인해야 내려받기 가능
A7: 3 | B7: 0. 대구 음식점 전체 | C7: 서구 식품위생업소 (보충) | E7: data.go.kr | F7: https://www.data.go.kr/data/15092713/fileData.do | G7: 차단 (확인함) | H7: =IF(G7="차단 (확인함)","허용 도메인 추가 또는 파일 직접 첨부",IF(G7="접속 가능 (확인함)","바로 사용 가능",IF(G7="직접 내려받기 필요","직접 내려받아 첨부",IF(G7="사이트 자체 데이터","조치 불필요","필요 시 접속 확인")))) -> 허용 도메인 추가 또는 파일 직접 첨부 | J7: 일부 파일은 로그인해야 내려받기 가능
A8: 4 | B8: 0. 대구 음식점 전체 | C8: 남구 식품위생업소현황 (보충) | E8: data.go.kr | F8: https://www.data.go.kr/data/3072264/fileData.do | G8: 차단 (확인함) | H8: =IF(G8="차단 (확인함)","허용 도메인 추가 또는 파일 직접 첨부",IF(G8="접속 가능 (확인함)","바로 사용 가능",IF(G8="직접 내려받기 필요","직접 내려받아 첨부",IF(G8="사이트 자체 데이터","조치 불필요","필요 시 접속 확인")))) -> 허용 도메인 추가 또는 파일 직접 첨부 | J8: 일부 파일은 로그인해야 내려받기 가능
A9: 5 | B9: 0. 대구 음식점 전체 | C9: 달서구 식품접객업소(휴게음식점) (보충) | E9: data.go.kr | F9: https://www.data.go.kr/data/15084548/fileData.do | G9: 차단 (확인함) | H9: =IF(G9="차단 (확인함)","허용 도메인 추가 또는 파일 직접 첨부",IF(G9="접속 가능 (확인함)","바로 사용 가능",IF(G9="직접 내려받기 필요","직접 내려받아 첨부",IF(G9="사이트 자체 데이터","조치 불필요","필요 시 접속 확인")))) -> 허용 도메인 추가 또는 파일 직접 첨부 | J9: 일부 파일은 로그인해야 내려받기 가능
A10: 6 | B10: 0. 대구 음식점 전체 | C10: 달성군 휴게음식점 (보충) | E10: data.go.kr | F10: https://www.data.go.kr/data/15127422/fileData.do | G10: 차단 (확인함) | H10: =IF(G10="차단 (확인함)","허용 도메인 추가 또는 파일 직접 첨부",IF(G10="접속 가능 (확인함)","바로 사용 가능",IF(G10="직접 내려받기 필요","직접 내려받아 첨부",IF(G10="사이트 자체 데이터","조치 불필요","필요 시 접속 확인")))) -> 허용 도메인 추가 또는 파일 직접 첨부 | J10: 일부 파일은 로그인해야 내려받기 가능
A11: 7 | B11: 0. 대구 음식점 전체 | C11: 지도 구·군 경계 | E11: github.com | F11: https://github.com/southkorea/southkorea-maps | G11: 접속 가능 (확인함) | H11: =IF(G11="차단 (확인함)","허용 도메인 추가 또는 파일 직접 첨부",IF(G11="접속 가능 (확인함)","바로 사용 가능",IF(G11="직접 내려받기 필요","직접 내려받아 첨부",IF(G11="사이트 자체 데이터","조치 불필요","필요 시 접속 확인")))) -> 바로 사용 가능 | J11: raw 파일 주소로 접속 확인
A12: 8 | B12: 1. 찐 대구사람 추천 | C12: 방문자 찜 (외부 출처 없음) | E12: claude.ai | F12: https://claude.ai/artifact/EuWwhZDcaRry4qtTjFgXmV | G12: 사이트 자체 데이터 | H12: =IF(G12="차단 (확인함)","허용 도메인 추가 또는 파일 직접 첨부",IF(G12="접속 가능 (확인함)","바로 사용 가능",IF(G12="직접 내려받기 필요","직접 내려받아 첨부",IF(G12="사이트 자체 데이터","조치 불필요","필요 시 접속 확인")))) -> 조치 불필요
A13: 9 | B13: 2. 착한가격업소 | C13: 대구광역시 착한가격업소 현황 (2026-10-01) | D13: 499곳 | E13: data.go.kr | F13: https://www.data.go.kr/data/15126761/fileData.do | G13: 차단 (확인함) | H13: =IF(G13="차단 (확인함)","허용 도메인 추가 또는 파일 직접 첨부",IF(G13="접속 가능 (확인함)","바로 사용 가능",IF(G13="직접 내려받기 필요","직접 내려받아 첨부",IF(G13="사이트 자체 데이터","조치 불필요","필요 시 접속 확인")))) -> 허용 도메인 추가 또는 파일 직접 첨부 | J13: 일부 파일은 로그인해야 내려받기 가능
A14: 10 | B14: 2. 착한가격업소 | C14: 행정안전부 착한가격업소 전국 현황 (제도 안내) | E14: data.go.kr | F14: https://www.data.go.kr/data/3045247/fileData.do | G14: 차단 (확인함) | H14: =IF(G14="차단 (확인함)","허용 도메인 추가 또는 파일 직접 첨부",IF(G14="접속 가능 (확인함)","바로 사용 가능",IF(G14="직접 내려받기 필요","직접 내려받아 첨부",IF(G14="사이트 자체 데이터","조치 불필요","필요 시 접속 확인")))) -> 허용 도메인 추가 또는 파일 직접 첨부 | J14: 일부 파일은 로그인해야 내려받기 가능
A15: 11 | B15: 3. 백년가게 | C15: 전국 백년가게 지정리스트 (2026-08-20) | D15: 60곳 | E15: data.go.kr | F15: https://www.data.go.kr/data/15132695/fileData.do | G15: 차단 (확인함) | H15: =IF(G15="차단 (확인함)","허용 도메인 추가 또는 파일 직접 첨부",IF(G15="접속 가능 (확인함)","바로 사용 가능",IF(G15="직접 내려받기 필요","직접 내려받아 첨부",IF(G15="사이트 자체 데이터","조치 불필요","필요 시 접속 확인")))) -> 허용 도메인 추가 또는 파일 직접 첨부 | J15: 일부 파일은 로그인해야 내려받기 가능
A16: 12 | B16: 4. 모범·구청 지정 | C16: 남구 모범음식점 현황 | D16: 368곳 (4개 합계) | E16: data.go.kr | F16: https://www.data.go.kr/data/3069692/fileData.do | G16: 차단 (확인함) | H16: =IF(G16="차단 (확인함)","허용 도메인 추가 또는 파일 직접 첨부",IF(G16="접속 가능 (확인함)","바로 사용 가능",IF(G16="직접 내려받기 필요","직접 내려받아 첨부",IF(G16="사이트 자체 데이터","조치 불필요","필요 시 접속 확인")))) -> 허용 도메인 추가 또는 파일 직접 첨부 | J16: 일부 파일은 로그인해야 내려받기 가능
A17: 13 | B17: 4. 모범·구청 지정 | C17: 동구 모범음식점 현황 | E17: data.go.kr | F17: https://www.data.go.kr/data/15052654/fileData.do | G17: 차단 (확인함) | H17: =IF(G17="차단 (확인함)","허용 도메인 추가 또는 파일 직접 첨부",IF(G17="접속 가능 (확인함)","바로 사용 가능",IF(G17="직접 내려받기 필요","직접 내려받아 첨부",IF(G17="사이트 자체 데이터","조치 불필요","필요 시 접속 확인")))) -> 허용 도메인 추가 또는 파일 직접 첨부 | J17: 일부 파일은 로그인해야 내려받기 가능
A18: 14 | B18: 4. 모범·구청 지정 | C18: 수성구 모범음식점 현황 | E18: data.daegu.go.kr | F18: https://data.daegu.go.kr/open/data/dataView.do?dataSetId=15054680&dataSetDetailId=150546801a5c23ee02440&provdMethod=FILE | G18: 차단 (확인함) | H18: =IF(G18="차단 (확인함)","허용 도메인 추가 또는 파일 직접 첨부",IF(G18="접속 가능 (확인함)","바로 사용 가능",IF(G18="직접 내려받기 필요","직접 내려받아 첨부",IF(G18="사이트 자체 데이터","조치 불필요","필요 시 접속 확인")))) -> 허용 도메인 추가 또는 파일 직접 첨부
A19: 15 | B19: 4. 모범·구청 지정 | C19: 달서구 달서맛나 지정음식점 | E19: data.go.kr | F19: https://www.data.go.kr/data/15144887/fileData.do | G19: 차단 (확인함) | H19: =IF(G19="차단 (확인함)","허용 도메인 추가 또는 파일 직접 첨부",IF(G19="접속 가능 (확인함)","바로 사용 가능",IF(G19="직접 내려받기 필요","직접 내려받아 첨부",IF(G19="사이트 자체 데이터","조치 불필요","필요 시 접속 확인")))) -> 허용 도메인 추가 또는 파일 직접 첨부 | J19: 일부 파일은 로그인해야 내려받기 가능
A20: 16 | B20: 5. 대구 10미 | C20: 대구푸드 대구 10미 소개 | D20: 835곳 | E20: daegufood.go.kr | F20: https://www.daegufood.go.kr/kor/ | G20: 차단 (확인함) | H20: =IF(G20="차단 (확인함)","허용 도메인 추가 또는 파일 직접 첨부",IF(G20="접속 가능 (확인함)","바로 사용 가능",IF(G20="직접 내려받기 필요","직접 내려받아 첨부",IF(G20="사이트 자체 데이터","조치 불필요","필요 시 접속 확인")))) -> 허용 도메인 추가 또는 파일 직접 첨부
A21: 17 | B21: 6. 구청 추천 맛집 | C21: 중구 맛집 현황 (묵은맛명가·맛락·골목투어) | D21: 272곳 (4개 합계) | E21: data.go.kr | F21: https://www.data.go.kr/data/15052602/fileData.do | G21: 차단 (확인함) | H21: =IF(G21="차단 (확인함)","허용 도메인 추가 또는 파일 직접 첨부",IF(G21="접속 가능 (확인함)","바로 사용 가능",IF(G21="직접 내려받기 필요","직접 내려받아 첨부",IF(G21="사이트 자체 데이터","조치 불필요","필요 시 접속 확인")))) -> 허용 도메인 추가 또는 파일 직접 첨부 | J21: 일부 파일은 로그인해야 내려받기 가능
A22: 18 | B22: 6. 구청 추천 맛집 | C22: 남구 안지랑곱창골목 | E22: data.go.kr | F22: https://www.data.go.kr/data/15122879/fileData.do | G22: 차단 (확인함) | H22: =IF(G22="차단 (확인함)","허용 도메인 추가 또는 파일 직접 첨부",IF(G22="접속 가능 (확인함)","바로 사용 가능",IF(G22="직접 내려받기 필요","직접 내려받아 첨부",IF(G22="사이트 자체 데이터","조치 불필요","필요 시 접속 확인")))) -> 허용 도메인 추가 또는 파일 직접 첨부 | J22: 일부 파일은 로그인해야 내려받기 가능
A23: 19 | B23: 6. 구청 추천 맛집 | C23: 남구 앞산카페거리 | E23: data.go.kr | F23: https://www.data.go.kr/data/15122876/fileData.do | G23: 차단 (확인함) | H23: =IF(G23="차단 (확인함)","허용 도메인 추가 또는 파일 직접 첨부",IF(G23="접속 가능 (확인함)","바로 사용 가능",IF(G23="직접 내려받기 필요","직접 내려받아 첨부",IF(G23="사이트 자체 데이터","조치 불필요","필요 시 접속 확인")))) -> 허용 도메인 추가 또는 파일 직접 첨부 | J23: 일부 파일은 로그인해야 내려받기 가능
A24: 20 | B24: 6. 구청 추천 맛집 | C24: 남구 앞산맛둘레길 | E24: data.go.kr | F24: https://www.data.go.kr/data/3069689/fileData.do | G24: 차단 (확인함) | H24: =IF(G24="차단 (확인함)","허용 도메인 추가 또는 파일 직접 첨부",IF(G24="접속 가능 (확인함)","바로 사용 가능",IF(G24="직접 내려받기 필요","직접 내려받아 첨부",IF(G24="사이트 자체 데이터","조치 불필요","필요 시 접속 확인")))) -> 허용 도메인 추가 또는 파일 직접 첨부 | J24: 일부 파일은 로그인해야 내려받기 가능
A25: 21 | B25: 7. 20년 이상 영업 | C25: 남구 식품위생업소현황 (인허가일자 포함) | D25: 566곳 (남구만) | E25: data.go.kr | F25: https://www.data.go.kr/data/3072264/fileData.do | G25: 차단 (확인함) | H25: =IF(G25="차단 (확인함)","허용 도메인 추가 또는 파일 직접 첨부",IF(G25="접속 가능 (확인함)","바로 사용 가능",IF(G25="직접 내려받기 필요","직접 내려받아 첨부",IF(G25="사이트 자체 데이터","조치 불필요","필요 시 접속 확인")))) -> 허용 도메인 추가 또는 파일 직접 첨부 | J25: 일부 파일은 로그인해야 내려받기 가능
A26: 22 | B26: 7. 20년 이상 영업 | C26: LOCALDATA 일반·휴게음식점 인허가 (대구 전체 확장용) | E26: file.localdata.go.kr | F26: https://file.localdata.go.kr/file/general_restaurants/info | G26: 직접 내려받기 필요 | H26: =IF(G26="차단 (확인함)","허용 도메인 추가 또는 파일 직접 첨부",IF(G26="접속 가능 (확인함)","바로 사용 가능",IF(G26="직접 내려받기 필요","직접 내려받아 첨부",IF(G26="사이트 자체 데이터","조치 불필요","필요 시 접속 확인")))) -> 직접 내려받아 첨부 | J26: md 파일 기준: 자동 접속 차단
A27: 23 | B27: 8. 위생등급(식품안심업소) | C27: 대구푸드 식품안심업소 지정 목록 (2026-10-29 수집) | D27: 2,343곳 | E27: daegufood.go.kr | F27: https://www.daegufood.go.kr/kor/sub/food_clean.asp?snm=108 | G27: 차단 (확인함) | H27: =IF(G27="차단 (확인함)","허용 도메인 추가 또는 파일 직접 첨부",IF(G27="접속 가능 (확인함)","바로 사용 가능",IF(G27="직접 내려받기 필요","직접 내려받아 첨부",IF(G27="사이트 자체 데이터","조치 불필요","필요 시 접속 확인")))) -> 허용 도메인 추가 또는 파일 직접 첨부
A28: 24 | B28: 8. 위생등급(식품안심업소) | C28: 식품의약품안전처 API 소개 (제도 설명) | E28: data.go.kr | F28: https://www.data.go.kr/data/15060883/openapi.do | G28: 차단 (확인함) | H28: =IF(G28="차단 (확인함)","허용 도메인 추가 또는 파일 직접 첨부",IF(G28="접속 가능 (확인함)","바로 사용 가능",IF(G28="직접 내려받기 필요","직접 내려받아 첨부",IF(G28="사이트 자체 데이터","조치 불필요","필요 시 접속 확인")))) -> 허용 도메인 추가 또는 파일 직접 첨부 | J28: 일부 파일은 로그인해야 내려받기 가능
A29: 25 | B29: 9. 빠진 기준 | C29: 블루리본 | D29: 공개 데이터 없음 | E29: bluer.co.kr | F29: https://www.bluer.co.kr | G29: 미확인 | H29: =IF(G29="차단 (확인함)","허용 도메인 추가 또는 파일 직접 첨부",IF(G29="접속 가능 (확인함)","바로 사용 가능",IF(G29="직접 내려받기 필요","직접 내려받아 첨부",IF(G29="사이트 자체 데이터","조치 불필요","필요 시 접속 확인")))) -> 필요 시 접속 확인
A30: 26 | B30: 9. 빠진 기준 | C30: 미쉐린 가이드 (한국은 서울·부산만) | D30: 대구 없음 | E30: guide.michelin.com | F30: https://guide.michelin.com/kr/ko | G30: 미확인 | H30: =IF(G30="차단 (확인함)","허용 도메인 추가 또는 파일 직접 첨부",IF(G30="접속 가능 (확인함)","바로 사용 가능",IF(G30="직접 내려받기 필요","직접 내려받아 첨부",IF(G30="사이트 자체 데이터","조치 불필요","필요 시 접속 확인")))) -> 필요 시 접속 확인
A31: 27 | B31: 사진 | C31: 국일따로국밥 사진 | E31: commons.wikimedia.org | F31: https://commons.wikimedia.org/wiki/File:Gugil_Ttaro_gukbap.jpg | G31: 미확인 | H31: =IF(G31="차단 (확인함)","허용 도메인 추가 또는 파일 직접 첨부",IF(G31="접속 가능 (확인함)","바로 사용 가능",IF(G31="직접 내려받기 필요","직접 내려받아 첨부",IF(G31="사이트 자체 데이터","조치 불필요","필요 시 접속 확인")))) -> 필요 시 접속 확인
A32: 28 | B32: 사진 | C32: 미성당 납작만두 사진 | E32: commons.wikimedia.org | F32: https://commons.wikimedia.org/wiki/File:Napjak_mandu_at_Miseongdang_Napjak_Mandu.jpg | G32: 미확인 | H32: =IF(G32="차단 (확인함)","허용 도메인 추가 또는 파일 직접 첨부",IF(G32="접속 가능 (확인함)","바로 사용 가능",IF(G32="직접 내려받기 필요","직접 내려받아 첨부",IF(G32="사이트 자체 데이터","조치 불필요","필요 시 접속 확인")))) -> 필요 시 접속 확인
A33: 29 | B33: 사진 | C33: 블루문레스토랑 사진 | E33: commons.wikimedia.org | F33: https://commons.wikimedia.org/wiki/File:Blue_Moon_Restaurant_Taegu_Korea_-_panoramio.jpg | G33: 미확인 | H33: =IF(G33="차단 (확인함)","허용 도메인 추가 또는 파일 직접 첨부",IF(G33="접속 가능 (확인함)","바로 사용 가능",IF(G33="직접 내려받기 필요","직접 내려받아 첨부",IF(G33="사이트 자체 데이터","조치 불필요","필요 시 접속 확인")))) -> 필요 시 접속 확인
